INSERT INTO users (id, created_at, updated_at, active, email, full_name, password_digest, profile) VALUES (1, '2016-03-21 14:33:52.211', '2016-03-21 14:33:52.211', 'true', 'admin@teste.com', 'Admin', '$2a$10$jQ5.OZzoOrcxQvdS2OBIm.AI2zH3ZP0q1CgCC.9Tp0.4is05ZqVTS', 1);
INSERT INTO users (id, created_at, updated_at, active, email, full_name, password_digest, profile) VALUES (2, '2016-03-21 14:33:52.211', '2016-03-21 14:33:52.211', 'true', 'user@teste.com', 'Usuário', '$2a$10$jQ5.OZzoOrcxQvdS2OBIm.AI2zH3ZP0q1CgCC.9Tp0.4is05ZqVTS', 0);
INSERT INTO categories (id, created_at, updated_at, user_id, description, name) VALUES (1, '2016-03-14 00:00:00.0', '2016-03-14 00:00:00.0', 1, 'Refrigerantes em geral', 'Refrigerantes');
INSERT INTO categories (id, created_at, updated_at, user_id, description, name) VALUES (2, '2016-03-14 00:00:00.0', '2016-03-14 00:00:00.0', 1, 'As famigeradas porcarias que não devemos comer muito', 'Salgadinhos');
INSERT INTO products (created_at, updated_at, id, user_id, category_id, name, price) VALUES ('2016-03-29 16:06:53.568', '2016-03-29 16:06:53.568', 1, 1, 2, 'Fandangos', 3.89);
INSERT INTO products (created_at, updated_at, id, user_id, category_id, name, price) VALUES ('2016-03-29 16:06:53.568', '2016-03-29 16:06:53.568', 2, 1, 2, 'Cebolitos', 3.89);
INSERT INTO products (created_at, updated_at, id, user_id, category_id, name, price) VALUES ('2016-03-29 16:06:53.568', '2016-03-29 16:06:53.568', 3, 1, 2, 'Cheetos', 3.89);
INSERT INTO products (created_at, updated_at, id, user_id, category_id, name, price) VALUES ('2016-03-29 16:06:53.568', '2016-03-29 16:06:53.568', 4, 1, 2, 'Doritos', 3.89);
INSERT INTO products (created_at, updated_at, id, user_id, category_id, name, price) VALUES ('2016-03-29 16:06:53.568', '2016-03-29 16:06:53.568', 5, 1, 2, 'Ruffles', 3.89);
INSERT INTO products (created_at, updated_at, id, user_id, category_id, name, price) VALUES ('2016-03-29 16:06:53.568', '2016-03-29 16:06:53.569', 6, 1, 2, 'Sensações', 3.89);
INSERT INTO products (created_at, updated_at, id, user_id, category_id, name, price) VALUES ('2016-03-29 16:06:53.569', '2016-03-29 16:06:53.569', 7, 1, 2, 'Torcida', 3.89);
INSERT INTO products (created_at, updated_at, id, user_id, category_id, name, price) VALUES ('2016-03-29 16:06:53.569', '2016-03-29 16:06:53.569', 8, 1, 2, 'Yokitos', 3.89);
INSERT INTO products (created_at, updated_at, id, user_id, category_id, name, price) VALUES ('2016-03-29 16:10:04.980', '2016-03-29 16:10:04.981', 9, 1, 1, 'Pepsi 2L', 4.19);
INSERT INTO products (created_at, updated_at, id, user_id, category_id, name, price) VALUES ('2016-03-29 16:10:04.981', '2016-03-29 16:10:04.981', 10, 1, 1, 'Coca-Cola 2L', 4.19);
INSERT INTO products (created_at, updated_at, id, user_id, category_id, name, price) VALUES ('2016-03-29 16:10:04.981', '2016-03-29 16:10:04.981', 11, 1, 1, 'Guaraná Antarctica 2L', 4.19);
INSERT INTO products (created_at, updated_at, id, user_id, category_id, name, price) VALUES ('2016-03-29 16:10:04.981', '2016-03-29 16:10:04.981', 12, 1, 1, 'Guaraná Kuat 2L', 4.19);
INSERT INTO products (created_at, updated_at, id, user_id, category_id, name, price) VALUES ('2016-03-29 16:10:04.981', '2016-03-29 16:10:04.981', 13, 1, 1, 'Sukita 2L', 4.19);
INSERT INTO products (created_at, updated_at, id, user_id, category_id, name, price) VALUES ('2016-03-29 16:10:04.981', '2016-03-29 16:10:04.981', 14, 1, 1, 'Soda Limonada 2L', 4.19);
INSERT INTO products (created_at, updated_at, id, user_id, category_id, name, price) VALUES ('2016-03-29 16:10:04.981', '2016-03-29 16:10:04.981', 15, 1, 1, 'Sprite 2L', 4.19);
INSERT INTO products (created_at, updated_at, id, user_id, category_id, name, price) VALUES ('2016-03-29 16:10:04.981', '2016-03-29 16:10:04.981', 16, 1, 1, 'Fanta Laranja 2L', 4.19);
INSERT INTO products (created_at, updated_at, id, user_id, category_id, name, price) VALUES ('2016-03-29 16:10:04.981', '2016-03-29 16:10:04.981', 17, 1, 1, 'Fanta Maçã Verde 2L', 4.19);
INSERT INTO products (created_at, updated_at, id, user_id, category_id, name, price) VALUES ('2016-03-29 16:10:04.981', '2016-03-29 16:10:04.981', 18, 1, 1, 'Fanta Uva 2L', 4.19);
INSERT INTO products (created_at, updated_at, id, user_id, category_id, name, price) VALUES ('2016-03-29 16:10:04.981', '2016-03-29 16:10:04.981', 19, 1, 1, 'Schweppes Citrus 1,5L', 4.19);
INSERT INTO products (created_at, updated_at, id, user_id, category_id, name, price) VALUES ('2016-03-29 16:10:04.981', '2016-03-29 16:10:04.981', 20, 1, 1, 'Gengibirra 2L', 4.19);
INSERT INTO products (created_at, updated_at, id, user_id, category_id, name, price) VALUES ('2016-03-29 16:10:04.981', '2016-03-29 16:10:04.981', 21, 1, 1, 'Cini Abacaxi 2L', 4.19);
INSERT INTO products (created_at, updated_at, id, user_id, category_id, name, price) VALUES ('2016-03-29 16:10:04.981', '2016-03-29 16:10:04.981', 22, 1, 1, 'Itubaína 2L', 4.19);
INSERT INTO batches (id, product_id, user_id, created_at, updated_at, manufactured_at, expires_at, identifier, quantity) VALUES (1, 1, 1, '2016-03-09', '2016-03-09', '2016-03-02', '2016-03-14', 'E778001', 99);
INSERT INTO batches (id, product_id, user_id, created_at, updated_at, manufactured_at, expires_at, identifier, quantity) VALUES (2, 1, 1, '2016-03-15', '2016-03-15', '2016-03-15', '2016-05-10', 'E778002', 89);
INSERT INTO batches (id, product_id, user_id, created_at, updated_at, manufactured_at, expires_at, identifier, quantity) VALUES (3, 1, 1, '2016-03-16', '2016-03-16', '2016-03-13', '2016-03-31', 'E778003', 85);
INSERT INTO batches (id, product_id, user_id, created_at, updated_at, manufactured_at, expires_at, identifier, quantity) VALUES (4, 1, 1, '2016-03-24', '2016-03-24', '2016-02-24', '2016-05-14', 'E778004', 91);
INSERT INTO batches (id, product_id, user_id, created_at, updated_at, manufactured_at, expires_at, identifier, quantity) VALUES (5, 1, 1, '2016-03-25', '2016-03-25', '2016-03-06', '2016-04-29', 'E778005', 121);
INSERT INTO batches (id, product_id, user_id, created_at, updated_at, manufactured_at, expires_at, identifier, quantity) VALUES (6, 1, 1, '2016-02-20', '2016-02-20', '2016-02-17', '2016-02-21', 'E778006', 71);
INSERT INTO batches (id, product_id, user_id, created_at, updated_at, manufactured_at, expires_at, identifier, quantity) VALUES (7, 1, 1, '2016-03-14', '2016-03-14', '2016-02-27', '2016-05-09', 'E778007', 73);
INSERT INTO batches (id, product_id, user_id, created_at, updated_at, manufactured_at, expires_at, identifier, quantity) VALUES (8, 1, 1, '2016-02-24', '2016-02-24', '2016-02-10', '2016-03-09', 'E778008', 113);
INSERT INTO batches (id, product_id, user_id, created_at, updated_at, manufactured_at, expires_at, identifier, quantity) VALUES (9, 1, 1, '2016-02-27', '2016-02-27', '2016-01-29', '2016-03-25', 'E778009', 106);
INSERT INTO batches (id, product_id, user_id, created_at, updated_at, manufactured_at, expires_at, identifier, quantity) VALUES (10, 1, 1, '2016-03-14', '2016-03-14', '2016-03-10', '2016-04-04', 'E778010', 71);
INSERT INTO batches (id, product_id, user_id, created_at, updated_at, manufactured_at, expires_at, identifier, quantity) VALUES (11, 1, 1, '2016-03-07', '2016-03-07', '2016-02-19', '2016-03-16', 'E778011', 84);
INSERT INTO batches (id, product_id, user_id, created_at, updated_at, manufactured_at, expires_at, identifier, quantity) VALUES (12, 1, 1, '2016-03-04', '2016-03-04', '2016-02-19', '2016-03-18', 'E778012', 93);
INSERT INTO batches (id, product_id, user_id, created_at, updated_at, manufactured_at, expires_at, identifier, quantity) VALUES (13, 1, 1, '2016-02-25', '2016-02-25', '2016-02-12', '2016-04-03', 'E778013', 103);
INSERT INTO batches (id, product_id, user_id, created_at, updated_at, manufactured_at, expires_at, identifier, quantity) VALUES (14, 1, 1, '2016-03-16', '2016-03-16', '2016-03-02', '2016-03-29', 'E778014', 68);
INSERT INTO batches (id, product_id, user_id, created_at, updated_at, manufactured_at, expires_at, identifier, quantity) VALUES (15, 2, 1, '2016-03-26', '2016-03-26', '2016-03-17', '2016-03-31', '699001', 123);
INSERT INTO batches (id, product_id, user_id, created_at, updated_at, manufactured_at, expires_at, identifier, quantity) VALUES (16, 2, 1, '2016-03-29', '2016-03-29', '2016-03-25', '2016-05-17', '699002', 95);
INSERT INTO batches (id, product_id, user_id, created_at, updated_at, manufactured_at, expires_at, identifier, quantity) VALUES (17, 2, 1, '2016-03-21', '2016-03-21', '2016-03-04', '2016-03-22', '699003', 70);
INSERT INTO batches (id, product_id, user_id, created_at, updated_at, manufactured_at, expires_at, identifier, quantity) VALUES (18, 2, 1, '2016-02-19', '2016-02-19', '2016-01-24', '2016-03-21', '699004', 75);
INSERT INTO batches (id, product_id, user_id, created_at, updated_at, manufactured_at, expires_at, identifier, quantity) VALUES (19, 2, 1, '2016-03-12', '2016-03-12', '2016-03-01', '2016-04-28', '699005', 96);
INSERT INTO batches (id, product_id, user_id, created_at, updated_at, manufactured_at, expires_at, identifier, quantity) VALUES (20, 2, 1, '2016-03-06', '2016-03-06', '2016-02-27', '2016-04-04', '699006', 56);
INSERT INTO batches (id, product_id, user_id, created_at, updated_at, manufactured_at, expires_at, identifier, quantity) VALUES (21, 2, 1, '2016-03-16', '2016-03-16', '2016-03-09', '2016-04-28', '699007', 98);
INSERT INTO batches (id, product_id, user_id, created_at, updated_at, manufactured_at, expires_at, identifier, quantity) VALUES (22, 2, 1, '2016-03-15', '2016-03-15', '2016-03-01', '2016-03-31', '699008', 106);
INSERT INTO batches (id, product_id, user_id, created_at, updated_at, manufactured_at, expires_at, identifier, quantity) VALUES (23, 2, 1, '2016-03-12', '2016-03-12', '2016-02-21', '2016-03-18', '699009', 100);
INSERT INTO batches (id, product_id, user_id, created_at, updated_at, manufactured_at, expires_at, identifier, quantity) VALUES (24, 2, 1, '2016-02-21', '2016-02-21', '2016-02-06', '2016-03-19', '699010', 63);
INSERT INTO batches (id, product_id, user_id, created_at, updated_at, manufactured_at, expires_at, identifier, quantity) VALUES (25, 3, 1, '2016-02-28', '2016-02-28', '2016-02-14', '2016-04-08', '5E9E001', 51);
INSERT INTO batches (id, product_id, user_id, created_at, updated_at, manufactured_at, expires_at, identifier, quantity) VALUES (26, 3, 1, '2016-03-24', '2016-03-24', '2016-03-16', '2016-04-22', '5E9E002', 92);
INSERT INTO batches (id, product_id, user_id, created_at, updated_at, manufactured_at, expires_at, identifier, quantity) VALUES (27, 3, 1, '2016-02-20', '2016-02-20', '2016-02-19', '2016-03-06', '5E9E003', 99);
INSERT INTO batches (id, product_id, user_id, created_at, updated_at, manufactured_at, expires_at, identifier, quantity) VALUES (28, 3, 1, '2016-03-12', '2016-03-12', '2016-03-05', '2016-04-02', '5E9E004', 84);
INSERT INTO batches (id, product_id, user_id, created_at, updated_at, manufactured_at, expires_at, identifier, quantity) VALUES (29, 3, 1, '2016-02-29', '2016-02-29', '2016-01-31', '2016-04-29', '5E9E005', 33);
INSERT INTO batches (id, product_id, user_id, created_at, updated_at, manufactured_at, expires_at, identifier, quantity) VALUES (30, 3, 1, '2016-03-13', '2016-03-13', '2016-02-25', '2016-03-27', '5E9E006', 99);
INSERT INTO batches (id, product_id, user_id, created_at, updated_at, manufactured_at, expires_at, identifier, quantity) VALUES (31, 3, 1, '2016-03-28', '2016-03-28', '2016-03-07', '2016-05-14', '5E9E007', 126);
INSERT INTO batches (id, product_id, user_id, created_at, updated_at, manufactured_at, expires_at, identifier, quantity) VALUES (32, 3, 1, '2016-03-26', '2016-03-26', '2016-03-22', '2016-04-13', '5E9E008', 22);
INSERT INTO batches (id, product_id, user_id, created_at, updated_at, manufactured_at, expires_at, identifier, quantity) VALUES (33, 3, 1, '2016-03-24', '2016-03-24', '2016-03-19', '2016-04-15', '5E9E009', 104);
INSERT INTO batches (id, product_id, user_id, created_at, updated_at, manufactured_at, expires_at, identifier, quantity) VALUES (34, 3, 1, '2016-03-11', '2016-03-11', '2016-02-10', '2016-03-15', '5E9E010', 117);
INSERT INTO batches (id, product_id, user_id, created_at, updated_at, manufactured_at, expires_at, identifier, quantity) VALUES (35, 4, 1, '2016-03-11', '2016-03-11', '2016-03-05', '2016-03-31', '8D09001', 120);
INSERT INTO batches (id, product_id, user_id, created_at, updated_at, manufactured_at, expires_at, identifier, quantity) VALUES (36, 4, 1, '2016-03-13', '2016-03-13', '2016-02-17', '2016-03-20', '8D09002', 42);
INSERT INTO batches (id, product_id, user_id, created_at, updated_at, manufactured_at, expires_at, identifier, quantity) VALUES (37, 4, 1, '2016-03-10', '2016-03-10', '2016-02-11', '2016-04-04', '8D09003', 72);
INSERT INTO batches (id, product_id, user_id, created_at, updated_at, manufactured_at, expires_at, identifier, quantity) VALUES (38, 4, 1, '2016-03-29', '2016-03-29', '2016-03-28', '2016-04-24', '8D09004', 108);
INSERT INTO batches (id, product_id, user_id, created_at, updated_at, manufactured_at, expires_at, identifier, quantity) VALUES (39, 4, 1, '2016-02-21', '2016-02-21', '2016-02-05', '2016-03-11', '8D09005', 83);
INSERT INTO batches (id, product_id, user_id, created_at, updated_at, manufactured_at, expires_at, identifier, quantity) VALUES (40, 4, 1, '2016-03-23', '2016-03-23', '2016-03-16', '2016-04-22', '8D09006', 101);
INSERT INTO batches (id, product_id, user_id, created_at, updated_at, manufactured_at, expires_at, identifier, quantity) VALUES (41, 4, 1, '2016-03-14', '2016-03-14', '2016-02-22', '2016-04-07', '8D09007', 95);
INSERT INTO batches (id, product_id, user_id, created_at, updated_at, manufactured_at, expires_at, identifier, quantity) VALUES (42, 4, 1, '2016-03-24', '2016-03-24', '2016-03-06', '2016-05-02', '8D09008', 98);
INSERT INTO batches (id, product_id, user_id, created_at, updated_at, manufactured_at, expires_at, identifier, quantity) VALUES (43, 4, 1, '2016-03-05', '2016-03-05', '2016-02-17', '2016-04-18', '8D09009', 99);
INSERT INTO batches (id, product_id, user_id, created_at, updated_at, manufactured_at, expires_at, identifier, quantity) VALUES (44, 4, 1, '2016-03-08', '2016-03-08', '2016-02-13', '2016-03-17', '8D09010', 107);
INSERT INTO batches (id, product_id, user_id, created_at, updated_at, manufactured_at, expires_at, identifier, quantity) VALUES (45, 4, 1, '2016-02-28', '2016-02-28', '2016-02-02', '2016-03-27', '8D09011', 91);
INSERT INTO batches (id, product_id, user_id, created_at, updated_at, manufactured_at, expires_at, identifier, quantity) VALUES (46, 4, 1, '2016-03-25', '2016-03-25', '2016-03-16', '2016-05-01', '8D09012', 98);
INSERT INTO batches (id, product_id, user_id, created_at, updated_at, manufactured_at, expires_at, identifier, quantity) VALUES (47, 4, 1, '2016-02-21', '2016-02-21', '2016-02-09', '2016-03-21', '8D09013', 75);
INSERT INTO batches (id, product_id, user_id, created_at, updated_at, manufactured_at, expires_at, identifier, quantity) VALUES (48, 4, 1, '2016-03-02', '2016-03-02', '2016-02-07', '2016-03-05', '8D09014', 95);
INSERT INTO batches (id, product_id, user_id, created_at, updated_at, manufactured_at, expires_at, identifier, quantity) VALUES (49, 4, 1, '2016-03-05', '2016-03-05', '2016-02-04', '2016-05-03', '8D09015', 94);
INSERT INTO batches (id, product_id, user_id, created_at, updated_at, manufactured_at, expires_at, identifier, quantity) VALUES (50, 4, 1, '2016-03-01', '2016-03-01', '2016-02-24', '2016-04-05', '8D09016', 75);
INSERT INTO batches (id, product_id, user_id, created_at, updated_at, manufactured_at, expires_at, identifier, quantity) VALUES (51, 5, 1, '2016-02-29', '2016-02-29', '2016-02-05', '2016-03-09', '8E14001', 155);
INSERT INTO batches (id, product_id, user_id, created_at, updated_at, manufactured_at, expires_at, identifier, quantity) VALUES (52, 5, 1, '2016-03-12', '2016-03-12', '2016-02-20', '2016-04-05', '8E14002', 108);
INSERT INTO batches (id, product_id, user_id, created_at, updated_at, manufactured_at, expires_at, identifier, quantity) VALUES (53, 5, 1, '2016-03-19', '2016-03-19', '2016-03-14', '2016-04-05', '8E14003', 99);
INSERT INTO batches (id, product_id, user_id, created_at, updated_at, manufactured_at, expires_at, identifier, quantity) VALUES (54, 5, 1, '2016-03-23', '2016-03-23', '2016-02-27', '2016-04-02', '8E14004', 38);
INSERT INTO batches (id, product_id, user_id, created_at, updated_at, manufactured_at, expires_at, identifier, quantity) VALUES (55, 5, 1, '2016-03-27', '2016-03-27', '2016-03-06', '2016-04-13', '8E14005', 70);
INSERT INTO batches (id, product_id, user_id, created_at, updated_at, manufactured_at, expires_at, identifier, quantity) VALUES (56, 5, 1, '2016-03-19', '2016-03-19', '2016-03-04', '2016-04-22', '8E14006', 86);
INSERT INTO batches (id, product_id, user_id, created_at, updated_at, manufactured_at, expires_at, identifier, quantity) VALUES (57, 5, 1, '2016-02-27', '2016-02-27', '2016-02-02', '2016-03-11', '8E14007', 45);
INSERT INTO batches (id, product_id, user_id, created_at, updated_at, manufactured_at, expires_at, identifier, quantity) VALUES (58, 5, 1, '2016-02-21', '2016-02-21', '2016-01-23', '2016-04-20', '8E14008', 112);
INSERT INTO batches (id, product_id, user_id, created_at, updated_at, manufactured_at, expires_at, identifier, quantity) VALUES (59, 5, 1, '2016-03-16', '2016-03-16', '2016-02-18', '2016-05-14', '8E14009', 61);
INSERT INTO batches (id, product_id, user_id, created_at, updated_at, manufactured_at, expires_at, identifier, quantity) VALUES (60, 6, 1, '2016-03-07', '2016-03-07', '2016-02-15', '2016-04-23', '6EDE001', 101);
INSERT INTO batches (id, product_id, user_id, created_at, updated_at, manufactured_at, expires_at, identifier, quantity) VALUES (61, 6, 1, '2016-03-01', '2016-03-01', '2016-02-25', '2016-04-14', '6EDE002', 100);
INSERT INTO batches (id, product_id, user_id, created_at, updated_at, manufactured_at, expires_at, identifier, quantity) VALUES (62, 6, 1, '2016-03-06', '2016-03-06', '2016-02-11', '2016-04-13', '6EDE003', 78);
INSERT INTO batches (id, product_id, user_id, created_at, updated_at, manufactured_at, expires_at, identifier, quantity) VALUES (63, 6, 1, '2016-03-26', '2016-03-26', '2016-03-20', '2016-05-20', '6EDE004', 65);
INSERT INTO batches (id, product_id, user_id, created_at, updated_at, manufactured_at, expires_at, identifier, quantity) VALUES (64, 6, 1, '2016-02-28', '2016-02-28', '2016-01-31', '2016-03-07', '6EDE005', 98);
INSERT INTO batches (id, product_id, user_id, created_at, updated_at, manufactured_at, expires_at, identifier, quantity) VALUES (65, 6, 1, '2016-03-24', '2016-03-24', '2016-02-29', '2016-04-07', '6EDE006', 93);
INSERT INTO batches (id, product_id, user_id, created_at, updated_at, manufactured_at, expires_at, identifier, quantity) VALUES (66, 6, 1, '2016-03-26', '2016-03-26', '2016-03-25', '2016-04-30', '6EDE007', 129);
INSERT INTO batches (id, product_id, user_id, created_at, updated_at, manufactured_at, expires_at, identifier, quantity) VALUES (67, 6, 1, '2016-03-29', '2016-03-29', '2016-03-10', '2016-03-30', '6EDE008', 94);
INSERT INTO batches (id, product_id, user_id, created_at, updated_at, manufactured_at, expires_at, identifier, quantity) VALUES (68, 6, 1, '2016-02-20', '2016-02-20', '2016-01-24', '2016-03-12', '6EDE009', 94);
INSERT INTO batches (id, product_id, user_id, created_at, updated_at, manufactured_at, expires_at, identifier, quantity) VALUES (69, 6, 1, '2016-03-15', '2016-03-15', '2016-02-25', '2016-05-10', '6EDE010', 71);
INSERT INTO batches (id, product_id, user_id, created_at, updated_at, manufactured_at, expires_at, identifier, quantity) VALUES (70, 6, 1, '2016-03-04', '2016-03-04', '2016-02-12', '2016-03-11', '6EDE011', 69);
INSERT INTO batches (id, product_id, user_id, created_at, updated_at, manufactured_at, expires_at, identifier, quantity) VALUES (71, 6, 1, '2016-03-02', '2016-03-02', '2016-02-11', '2016-04-01', '6EDE012', 81);
INSERT INTO batches (id, product_id, user_id, created_at, updated_at, manufactured_at, expires_at, identifier, quantity) VALUES (72, 6, 1, '2016-03-01', '2016-03-01', '2016-02-21', '2016-04-09', '6EDE013', 92);
INSERT INTO batches (id, product_id, user_id, created_at, updated_at, manufactured_at, expires_at, identifier, quantity) VALUES (73, 6, 1, '2016-03-15', '2016-03-15', '2016-02-18', '2016-05-12', '6EDE014', 79);
INSERT INTO batches (id, product_id, user_id, created_at, updated_at, manufactured_at, expires_at, identifier, quantity) VALUES (74, 6, 1, '2016-03-03', '2016-03-03', '2016-02-13', '2016-05-01', '6EDE015', 123);
INSERT INTO batches (id, product_id, user_id, created_at, updated_at, manufactured_at, expires_at, identifier, quantity) VALUES (75, 6, 1, '2016-03-19', '2016-03-19', '2016-03-02', '2016-04-14', '6EDE016', 94);
INSERT INTO batches (id, product_id, user_id, created_at, updated_at, manufactured_at, expires_at, identifier, quantity) VALUES (76, 7, 1, '2016-03-21', '2016-03-21', '2016-03-06', '2016-05-13', 'BAE8001', 87);
INSERT INTO batches (id, product_id, user_id, created_at, updated_at, manufactured_at, expires_at, identifier, quantity) VALUES (77, 7, 1, '2016-02-22', '2016-02-22', '2016-02-09', '2016-03-09', 'BAE8002', 61);
INSERT INTO batches (id, product_id, user_id, created_at, updated_at, manufactured_at, expires_at, identifier, quantity) VALUES (78, 7, 1, '2016-03-18', '2016-03-18', '2016-03-11', '2016-04-17', 'BAE8003', 71);
INSERT INTO batches (id, product_id, user_id, created_at, updated_at, manufactured_at, expires_at, identifier, quantity) VALUES (79, 7, 1, '2016-03-19', '2016-03-19', '2016-03-13', '2016-05-16', 'BAE8004', 90);
INSERT INTO batches (id, product_id, user_id, created_at, updated_at, manufactured_at, expires_at, identifier, quantity) VALUES (80, 7, 1, '2016-02-21', '2016-02-21', '2016-02-04', '2016-04-07', 'BAE8005', 119);
INSERT INTO batches (id, product_id, user_id, created_at, updated_at, manufactured_at, expires_at, identifier, quantity) VALUES (81, 7, 1, '2016-03-12', '2016-03-12', '2016-02-25', '2016-03-17', 'BAE8006', 65);
INSERT INTO batches (id, product_id, user_id, created_at, updated_at, manufactured_at, expires_at, identifier, quantity) VALUES (82, 7, 1, '2016-03-03', '2016-03-03', '2016-02-10', '2016-03-19', 'BAE8007', 90);
INSERT INTO batches (id, product_id, user_id, created_at, updated_at, manufactured_at, expires_at, identifier, quantity) VALUES (83, 7, 1, '2016-03-02', '2016-03-02', '2016-02-22', '2016-03-30', 'BAE8008', 53);
INSERT INTO batches (id, product_id, user_id, created_at, updated_at, manufactured_at, expires_at, identifier, quantity) VALUES (84, 7, 1, '2016-03-19', '2016-03-19', '2016-02-23', '2016-05-08', 'BAE8009', 135);
INSERT INTO batches (id, product_id, user_id, created_at, updated_at, manufactured_at, expires_at, identifier, quantity) VALUES (85, 7, 1, '2016-03-13', '2016-03-13', '2016-03-01', '2016-04-19', 'BAE8010', 55);
INSERT INTO batches (id, product_id, user_id, created_at, updated_at, manufactured_at, expires_at, identifier, quantity) VALUES (86, 7, 1, '2016-03-20', '2016-03-20', '2016-02-20', '2016-05-19', 'BAE8011', 95);
INSERT INTO batches (id, product_id, user_id, created_at, updated_at, manufactured_at, expires_at, identifier, quantity) VALUES (87, 8, 1, '2016-03-17', '2016-03-17', '2016-02-24', '2016-04-22', 'B913001', 52);
INSERT INTO batches (id, product_id, user_id, created_at, updated_at, manufactured_at, expires_at, identifier, quantity) VALUES (88, 8, 1, '2016-02-27', '2016-02-27', '2016-01-28', '2016-04-13', 'B913002', 95);
INSERT INTO batches (id, product_id, user_id, created_at, updated_at, manufactured_at, expires_at, identifier, quantity) VALUES (89, 8, 1, '2016-03-04', '2016-03-04', '2016-02-25', '2016-03-06', 'B913003', 81);
INSERT INTO batches (id, product_id, user_id, created_at, updated_at, manufactured_at, expires_at, identifier, quantity) VALUES (90, 8, 1, '2016-03-09', '2016-03-09', '2016-02-17', '2016-04-20', 'B913004', 109);
INSERT INTO batches (id, product_id, user_id, created_at, updated_at, manufactured_at, expires_at, identifier, quantity) VALUES (91, 8, 1, '2016-03-05', '2016-03-05', '2016-02-09', '2016-05-01', 'B913005', 73);
INSERT INTO batches (id, product_id, user_id, created_at, updated_at, manufactured_at, expires_at, identifier, quantity) VALUES (92, 8, 1, '2016-03-12', '2016-03-12', '2016-03-09', '2016-03-17', 'B913006', 94);
INSERT INTO batches (id, product_id, user_id, created_at, updated_at, manufactured_at, expires_at, identifier, quantity) VALUES (93, 8, 1, '2016-02-23', '2016-02-23', '2016-02-02', '2016-03-08', 'B913007', 82);
INSERT INTO batches (id, product_id, user_id, created_at, updated_at, manufactured_at, expires_at, identifier, quantity) VALUES (94, 8, 1, '2016-03-08', '2016-03-08', '2016-02-08', '2016-04-05', 'B913008', 101);
INSERT INTO batches (id, product_id, user_id, created_at, updated_at, manufactured_at, expires_at, identifier, quantity) VALUES (95, 8, 1, '2016-03-06', '2016-03-06', '2016-02-14', '2016-04-12', 'B913009', 86);
INSERT INTO batches (id, product_id, user_id, created_at, updated_at, manufactured_at, expires_at, identifier, quantity) VALUES (96, 8, 1, '2016-03-11', '2016-03-11', '2016-03-07', '2016-04-04', 'B913010', 89);
INSERT INTO batches (id, product_id, user_id, created_at, updated_at, manufactured_at, expires_at, identifier, quantity) VALUES (97, 9, 1, '2016-03-11', '2016-03-11', '2016-02-20', '2016-05-10', '41DD001', 101);
INSERT INTO batches (id, product_id, user_id, created_at, updated_at, manufactured_at, expires_at, identifier, quantity) VALUES (98, 9, 1, '2016-03-13', '2016-03-13', '2016-02-27', '2016-04-28', '41DD002', 96);
INSERT INTO batches (id, product_id, user_id, created_at, updated_at, manufactured_at, expires_at, identifier, quantity) VALUES (99, 9, 1, '2016-03-13', '2016-03-13', '2016-03-03', '2016-03-27', '41DD003', 82);
INSERT INTO batches (id, product_id, user_id, created_at, updated_at, manufactured_at, expires_at, identifier, quantity) VALUES (100, 9, 1, '2016-03-25', '2016-03-25', '2016-03-09', '2016-05-08', '41DD004', 97);
INSERT INTO batches (id, product_id, user_id, created_at, updated_at, manufactured_at, expires_at, identifier, quantity) VALUES (101, 9, 1, '2016-03-26', '2016-03-26', '2016-03-04', '2016-05-20', '41DD005', 77);
INSERT INTO batches (id, product_id, user_id, created_at, updated_at, manufactured_at, expires_at, identifier, quantity) VALUES (102, 9, 1, '2016-03-24', '2016-03-24', '2016-03-23', '2016-05-13', '41DD006', 93);
INSERT INTO batches (id, product_id, user_id, created_at, updated_at, manufactured_at, expires_at, identifier, quantity) VALUES (103, 9, 1, '2016-03-18', '2016-03-18', '2016-03-04', '2016-03-30', '41DD007', 111);
INSERT INTO batches (id, product_id, user_id, created_at, updated_at, manufactured_at, expires_at, identifier, quantity) VALUES (104, 9, 1, '2016-02-20', '2016-02-20', '2016-02-16', '2016-02-25', '41DD008', 115);
INSERT INTO batches (id, product_id, user_id, created_at, updated_at, manufactured_at, expires_at, identifier, quantity) VALUES (105, 9, 1, '2016-02-27', '2016-02-27', '2016-02-03', '2016-03-15', '41DD009', 102);
INSERT INTO batches (id, product_id, user_id, created_at, updated_at, manufactured_at, expires_at, identifier, quantity) VALUES (106, 9, 1, '2016-03-26', '2016-03-26', '2016-03-06', '2016-04-22', '41DD010', 72);
INSERT INTO batches (id, product_id, user_id, created_at, updated_at, manufactured_at, expires_at, identifier, quantity) VALUES (107, 9, 1, '2016-02-24', '2016-02-24', '2016-02-05', '2016-03-22', '41DD011', 107);
INSERT INTO batches (id, product_id, user_id, created_at, updated_at, manufactured_at, expires_at, identifier, quantity) VALUES (108, 9, 1, '2016-02-22', '2016-02-22', '2016-02-13', '2016-04-03', '41DD012', 83);
INSERT INTO batches (id, product_id, user_id, created_at, updated_at, manufactured_at, expires_at, identifier, quantity) VALUES (109, 9, 1, '2016-03-21', '2016-03-21', '2016-02-20', '2016-04-07', '41DD013', 63);
INSERT INTO batches (id, product_id, user_id, created_at, updated_at, manufactured_at, expires_at, identifier, quantity) VALUES (110, 9, 1, '2016-03-08', '2016-03-08', '2016-03-05', '2016-03-12', '41DD014', 78);
INSERT INTO batches (id, product_id, user_id, created_at, updated_at, manufactured_at, expires_at, identifier, quantity) VALUES (111, 9, 1, '2016-03-01', '2016-03-01', '2016-02-04', '2016-03-01', '41DD015', 85);
INSERT INTO batches (id, product_id, user_id, created_at, updated_at, manufactured_at, expires_at, identifier, quantity) VALUES (112, 10, 1, '2016-02-20', '2016-02-20', '2016-02-15', '2016-04-13', '21EC001', 50);
INSERT INTO batches (id, product_id, user_id, created_at, updated_at, manufactured_at, expires_at, identifier, quantity) VALUES (113, 10, 1, '2016-03-08', '2016-03-08', '2016-02-10', '2016-05-02', '21EC002', 75);
INSERT INTO batches (id, product_id, user_id, created_at, updated_at, manufactured_at, expires_at, identifier, quantity) VALUES (114, 10, 1, '2016-02-24', '2016-02-24', '2016-01-28', '2016-03-13', '21EC003', 123);
INSERT INTO batches (id, product_id, user_id, created_at, updated_at, manufactured_at, expires_at, identifier, quantity) VALUES (115, 10, 1, '2016-03-08', '2016-03-08', '2016-02-08', '2016-03-24', '21EC004', 61);
INSERT INTO batches (id, product_id, user_id, created_at, updated_at, manufactured_at, expires_at, identifier, quantity) VALUES (116, 10, 1, '2016-03-21', '2016-03-21', '2016-02-28', '2016-03-23', '21EC005', 65);
INSERT INTO batches (id, product_id, user_id, created_at, updated_at, manufactured_at, expires_at, identifier, quantity) VALUES (117, 10, 1, '2016-02-27', '2016-02-27', '2016-02-16', '2016-04-15', '21EC006', 85);
INSERT INTO batches (id, product_id, user_id, created_at, updated_at, manufactured_at, expires_at, identifier, quantity) VALUES (118, 10, 1, '2016-03-14', '2016-03-14', '2016-03-10', '2016-04-05', '21EC007', 142);
INSERT INTO batches (id, product_id, user_id, created_at, updated_at, manufactured_at, expires_at, identifier, quantity) VALUES (119, 11, 1, '2016-03-18', '2016-03-18', '2016-02-24', '2016-04-30', '4D51001', 85);
INSERT INTO batches (id, product_id, user_id, created_at, updated_at, manufactured_at, expires_at, identifier, quantity) VALUES (120, 11, 1, '2016-03-01', '2016-03-01', '2016-02-18', '2016-04-25', '4D51002', 131);
INSERT INTO batches (id, product_id, user_id, created_at, updated_at, manufactured_at, expires_at, identifier, quantity) VALUES (121, 11, 1, '2016-03-03', '2016-03-03', '2016-02-07', '2016-03-22', '4D51003', 114);
INSERT INTO batches (id, product_id, user_id, created_at, updated_at, manufactured_at, expires_at, identifier, quantity) VALUES (122, 11, 1, '2016-03-02', '2016-03-02', '2016-02-21', '2016-03-22', '4D51004', 95);
INSERT INTO batches (id, product_id, user_id, created_at, updated_at, manufactured_at, expires_at, identifier, quantity) VALUES (123, 11, 1, '2016-03-07', '2016-03-07', '2016-02-19', '2016-04-29', '4D51005', 88);
INSERT INTO batches (id, product_id, user_id, created_at, updated_at, manufactured_at, expires_at, identifier, quantity) VALUES (124, 11, 1, '2016-03-25', '2016-03-25', '2016-02-27', '2016-04-16', '4D51006', 92);
INSERT INTO batches (id, product_id, user_id, created_at, updated_at, manufactured_at, expires_at, identifier, quantity) VALUES (125, 11, 1, '2016-03-21', '2016-03-21', '2016-03-13', '2016-04-18', '4D51007', 86);
INSERT INTO batches (id, product_id, user_id, created_at, updated_at, manufactured_at, expires_at, identifier, quantity) VALUES (126, 11, 1, '2016-03-12', '2016-03-12', '2016-03-04', '2016-03-26', '4D51008', 104);
INSERT INTO batches (id, product_id, user_id, created_at, updated_at, manufactured_at, expires_at, identifier, quantity) VALUES (127, 11, 1, '2016-03-07', '2016-03-07', '2016-03-06', '2016-03-13', '4D51009', 67);
INSERT INTO batches (id, product_id, user_id, created_at, updated_at, manufactured_at, expires_at, identifier, quantity) VALUES (128, 11, 1, '2016-03-26', '2016-03-26', '2016-03-12', '2016-05-04', '4D51010', 95);
INSERT INTO batches (id, product_id, user_id, created_at, updated_at, manufactured_at, expires_at, identifier, quantity) VALUES (129, 11, 1, '2016-03-21', '2016-03-21', '2016-02-22', '2016-03-25', '4D51011', 85);
INSERT INTO batches (id, product_id, user_id, created_at, updated_at, manufactured_at, expires_at, identifier, quantity) VALUES (130, 11, 1, '2016-03-13', '2016-03-13', '2016-02-20', '2016-04-10', '4D51012', 84);
INSERT INTO batches (id, product_id, user_id, created_at, updated_at, manufactured_at, expires_at, identifier, quantity) VALUES (131, 11, 1, '2016-03-15', '2016-03-15', '2016-03-04', '2016-05-02', '4D51013', 92);
INSERT INTO batches (id, product_id, user_id, created_at, updated_at, manufactured_at, expires_at, identifier, quantity) VALUES (132, 12, 1, '2016-02-20', '2016-02-20', '2016-02-06', '2016-03-04', '59DB001', 131);
INSERT INTO batches (id, product_id, user_id, created_at, updated_at, manufactured_at, expires_at, identifier, quantity) VALUES (133, 12, 1, '2016-02-21', '2016-02-21', '2016-02-01', '2016-03-14', '59DB002', 73);
INSERT INTO batches (id, product_id, user_id, created_at, updated_at, manufactured_at, expires_at, identifier, quantity) VALUES (134, 12, 1, '2016-02-25', '2016-02-25', '2016-02-01', '2016-04-10', '59DB003', 111);
INSERT INTO batches (id, product_id, user_id, created_at, updated_at, manufactured_at, expires_at, identifier, quantity) VALUES (135, 12, 1, '2016-03-18', '2016-03-18', '2016-03-14', '2016-04-12', '59DB004', 123);
INSERT INTO batches (id, product_id, user_id, created_at, updated_at, manufactured_at, expires_at, identifier, quantity) VALUES (136, 12, 1, '2016-02-25', '2016-02-25', '2016-02-04', '2016-04-09', '59DB005', 104);
INSERT INTO batches (id, product_id, user_id, created_at, updated_at, manufactured_at, expires_at, identifier, quantity) VALUES (137, 12, 1, '2016-03-29', '2016-03-29', '2016-03-18', '2016-05-12', '59DB006', 114);
INSERT INTO batches (id, product_id, user_id, created_at, updated_at, manufactured_at, expires_at, identifier, quantity) VALUES (138, 12, 1, '2016-02-25', '2016-02-25', '2016-02-18', '2016-04-19', '59DB007', 69);
INSERT INTO batches (id, product_id, user_id, created_at, updated_at, manufactured_at, expires_at, identifier, quantity) VALUES (139, 12, 1, '2016-03-17', '2016-03-17', '2016-02-20', '2016-04-08', '59DB008', 103);
INSERT INTO batches (id, product_id, user_id, created_at, updated_at, manufactured_at, expires_at, identifier, quantity) VALUES (140, 12, 1, '2016-03-12', '2016-03-12', '2016-02-17', '2016-03-19', '59DB009', 96);
INSERT INTO batches (id, product_id, user_id, created_at, updated_at, manufactured_at, expires_at, identifier, quantity) VALUES (141, 12, 1, '2016-03-22', '2016-03-22', '2016-02-24', '2016-03-26', '59DB010', 102);
INSERT INTO batches (id, product_id, user_id, created_at, updated_at, manufactured_at, expires_at, identifier, quantity) VALUES (142, 12, 1, '2016-03-02', '2016-03-02', '2016-02-20', '2016-03-30', '59DB011', 62);
INSERT INTO batches (id, product_id, user_id, created_at, updated_at, manufactured_at, expires_at, identifier, quantity) VALUES (143, 12, 1, '2016-02-26', '2016-02-26', '2016-01-31', '2016-03-10', '59DB012', 121);
INSERT INTO batches (id, product_id, user_id, created_at, updated_at, manufactured_at, expires_at, identifier, quantity) VALUES (144, 12, 1, '2016-03-19', '2016-03-19', '2016-02-24', '2016-05-09', '59DB013', 88);
INSERT INTO batches (id, product_id, user_id, created_at, updated_at, manufactured_at, expires_at, identifier, quantity) VALUES (145, 12, 1, '2016-02-25', '2016-02-25', '2016-02-08', '2016-02-26', '59DB014', 99);
INSERT INTO batches (id, product_id, user_id, created_at, updated_at, manufactured_at, expires_at, identifier, quantity) VALUES (146, 13, 1, '2016-03-25', '2016-03-25', '2016-03-05', '2016-05-21', '951F001', 78);
INSERT INTO batches (id, product_id, user_id, created_at, updated_at, manufactured_at, expires_at, identifier, quantity) VALUES (147, 13, 1, '2016-03-21', '2016-03-21', '2016-03-06', '2016-05-08', '951F002', 87);
INSERT INTO batches (id, product_id, user_id, created_at, updated_at, manufactured_at, expires_at, identifier, quantity) VALUES (148, 13, 1, '2016-03-03', '2016-03-03', '2016-02-20', '2016-03-21', '951F003', 118);
INSERT INTO batches (id, product_id, user_id, created_at, updated_at, manufactured_at, expires_at, identifier, quantity) VALUES (149, 13, 1, '2016-03-05', '2016-03-05', '2016-02-11', '2016-04-14', '951F004', 78);
INSERT INTO batches (id, product_id, user_id, created_at, updated_at, manufactured_at, expires_at, identifier, quantity) VALUES (150, 13, 1, '2016-02-22', '2016-02-22', '2016-02-18', '2016-03-01', '951F005', 119);
INSERT INTO batches (id, product_id, user_id, created_at, updated_at, manufactured_at, expires_at, identifier, quantity) VALUES (151, 13, 1, '2016-03-02', '2016-03-02', '2016-02-16', '2016-04-14', '951F006', 148);
INSERT INTO batches (id, product_id, user_id, created_at, updated_at, manufactured_at, expires_at, identifier, quantity) VALUES (152, 14, 1, '2016-03-15', '2016-03-15', '2016-03-05', '2016-04-01', '2B68001', 111);
INSERT INTO batches (id, product_id, user_id, created_at, updated_at, manufactured_at, expires_at, identifier, quantity) VALUES (153, 14, 1, '2016-03-01', '2016-03-01', '2016-02-02', '2016-03-03', '2B68002', 67);
INSERT INTO batches (id, product_id, user_id, created_at, updated_at, manufactured_at, expires_at, identifier, quantity) VALUES (154, 14, 1, '2016-03-14', '2016-03-14', '2016-03-11', '2016-05-01', '2B68003', 86);
INSERT INTO batches (id, product_id, user_id, created_at, updated_at, manufactured_at, expires_at, identifier, quantity) VALUES (155, 14, 1, '2016-02-22', '2016-02-22', '2016-02-13', '2016-03-01', '2B68004', 88);
INSERT INTO batches (id, product_id, user_id, created_at, updated_at, manufactured_at, expires_at, identifier, quantity) VALUES (156, 14, 1, '2016-03-11', '2016-03-11', '2016-02-23', '2016-04-09', '2B68005', 96);
INSERT INTO batches (id, product_id, user_id, created_at, updated_at, manufactured_at, expires_at, identifier, quantity) VALUES (157, 14, 1, '2016-02-29', '2016-02-29', '2016-02-19', '2016-04-08', '2B68006', 115);
INSERT INTO batches (id, product_id, user_id, created_at, updated_at, manufactured_at, expires_at, identifier, quantity) VALUES (158, 14, 1, '2016-03-17', '2016-03-17', '2016-03-12', '2016-04-15', '2B68007', 122);
INSERT INTO batches (id, product_id, user_id, created_at, updated_at, manufactured_at, expires_at, identifier, quantity) VALUES (159, 14, 1, '2016-02-19', '2016-02-19', '2016-02-09', '2016-04-17', '2B68008', 128);
INSERT INTO batches (id, product_id, user_id, created_at, updated_at, manufactured_at, expires_at, identifier, quantity) VALUES (160, 15, 1, '2016-03-17', '2016-03-17', '2016-02-20', '2016-04-15', '3BDD001', 96);
INSERT INTO batches (id, product_id, user_id, created_at, updated_at, manufactured_at, expires_at, identifier, quantity) VALUES (161, 15, 1, '2016-03-01', '2016-03-01', '2016-02-20', '2016-03-29', '3BDD002', 88);
INSERT INTO batches (id, product_id, user_id, created_at, updated_at, manufactured_at, expires_at, identifier, quantity) VALUES (162, 15, 1, '2016-03-19', '2016-03-19', '2016-02-20', '2016-04-11', '3BDD003', 71);
INSERT INTO batches (id, product_id, user_id, created_at, updated_at, manufactured_at, expires_at, identifier, quantity) VALUES (163, 15, 1, '2016-02-27', '2016-02-27', '2016-02-19', '2016-04-20', '3BDD004', 121);
INSERT INTO batches (id, product_id, user_id, created_at, updated_at, manufactured_at, expires_at, identifier, quantity) VALUES (164, 15, 1, '2016-03-04', '2016-03-04', '2016-02-03', '2016-03-08', '3BDD005', 84);
INSERT INTO batches (id, product_id, user_id, created_at, updated_at, manufactured_at, expires_at, identifier, quantity) VALUES (165, 15, 1, '2016-02-26', '2016-02-26', '2016-02-16', '2016-03-17', '3BDD006', 85);
INSERT INTO batches (id, product_id, user_id, created_at, updated_at, manufactured_at, expires_at, identifier, quantity) VALUES (166, 15, 1, '2016-03-29', '2016-03-29', '2016-03-11', '2016-05-03', '3BDD007', 122);
INSERT INTO batches (id, product_id, user_id, created_at, updated_at, manufactured_at, expires_at, identifier, quantity) VALUES (167, 16, 1, '2016-03-16', '2016-03-16', '2016-02-19', '2016-03-20', 'AD23001', 68);
INSERT INTO batches (id, product_id, user_id, created_at, updated_at, manufactured_at, expires_at, identifier, quantity) VALUES (168, 16, 1, '2016-03-01', '2016-03-01', '2016-02-06', '2016-04-16', 'AD23002', 105);
INSERT INTO batches (id, product_id, user_id, created_at, updated_at, manufactured_at, expires_at, identifier, quantity) VALUES (169, 16, 1, '2016-03-10', '2016-03-10', '2016-03-08', '2016-04-14', 'AD23003', 75);
INSERT INTO batches (id, product_id, user_id, created_at, updated_at, manufactured_at, expires_at, identifier, quantity) VALUES (170, 16, 1, '2016-03-11', '2016-03-11', '2016-02-23', '2016-03-19', 'AD23004', 106);
INSERT INTO batches (id, product_id, user_id, created_at, updated_at, manufactured_at, expires_at, identifier, quantity) VALUES (171, 16, 1, '2016-03-13', '2016-03-13', '2016-03-03', '2016-04-07', 'AD23005', 77);
INSERT INTO batches (id, product_id, user_id, created_at, updated_at, manufactured_at, expires_at, identifier, quantity) VALUES (172, 16, 1, '2016-03-16', '2016-03-16', '2016-03-04', '2016-05-15', 'AD23006', 102);
INSERT INTO batches (id, product_id, user_id, created_at, updated_at, manufactured_at, expires_at, identifier, quantity) VALUES (173, 16, 1, '2016-03-16', '2016-03-16', '2016-03-13', '2016-04-25', 'AD23007', 117);
INSERT INTO batches (id, product_id, user_id, created_at, updated_at, manufactured_at, expires_at, identifier, quantity) VALUES (174, 16, 1, '2016-03-08', '2016-03-08', '2016-02-27', '2016-05-07', 'AD23008', 99);
INSERT INTO batches (id, product_id, user_id, created_at, updated_at, manufactured_at, expires_at, identifier, quantity) VALUES (175, 16, 1, '2016-02-27', '2016-02-27', '2016-02-20', '2016-03-26', 'AD23009', 88);
INSERT INTO batches (id, product_id, user_id, created_at, updated_at, manufactured_at, expires_at, identifier, quantity) VALUES (176, 16, 1, '2016-03-30', '2016-03-30', '2016-03-06', '2016-04-14', 'AD23010', 77);
INSERT INTO batches (id, product_id, user_id, created_at, updated_at, manufactured_at, expires_at, identifier, quantity) VALUES (177, 16, 1, '2016-03-02', '2016-03-02', '2016-02-20', '2016-04-21', 'AD23011', 70);
INSERT INTO batches (id, product_id, user_id, created_at, updated_at, manufactured_at, expires_at, identifier, quantity) VALUES (178, 16, 1, '2016-03-24', '2016-03-24', '2016-03-10', '2016-04-13', 'AD23012', 127);
INSERT INTO batches (id, product_id, user_id, created_at, updated_at, manufactured_at, expires_at, identifier, quantity) VALUES (179, 16, 1, '2016-02-20', '2016-02-20', '2016-02-03', '2016-04-04', 'AD23013', 110);
INSERT INTO batches (id, product_id, user_id, created_at, updated_at, manufactured_at, expires_at, identifier, quantity) VALUES (180, 16, 1, '2016-03-11', '2016-03-11', '2016-03-10', '2016-04-04', 'AD23014', 116);
INSERT INTO batches (id, product_id, user_id, created_at, updated_at, manufactured_at, expires_at, identifier, quantity) VALUES (181, 16, 1, '2016-03-20', '2016-03-20', '2016-03-07', '2016-05-02', 'AD23015', 72);
INSERT INTO batches (id, product_id, user_id, created_at, updated_at, manufactured_at, expires_at, identifier, quantity) VALUES (182, 16, 1, '2016-03-23', '2016-03-23', '2016-03-06', '2016-04-11', 'AD23016', 90);
INSERT INTO batches (id, product_id, user_id, created_at, updated_at, manufactured_at, expires_at, identifier, quantity) VALUES (183, 17, 1, '2016-03-29', '2016-03-29', '2016-03-19', '2016-03-30', '76F7001', 82);
INSERT INTO batches (id, product_id, user_id, created_at, updated_at, manufactured_at, expires_at, identifier, quantity) VALUES (184, 17, 1, '2016-03-22', '2016-03-22', '2016-02-29', '2016-05-05', '76F7002', 89);
INSERT INTO batches (id, product_id, user_id, created_at, updated_at, manufactured_at, expires_at, identifier, quantity) VALUES (185, 17, 1, '2016-02-26', '2016-02-26', '2016-02-07', '2016-03-22', '76F7003', 77);
INSERT INTO batches (id, product_id, user_id, created_at, updated_at, manufactured_at, expires_at, identifier, quantity) VALUES (186, 17, 1, '2016-02-27', '2016-02-27', '2016-02-24', '2016-03-21', '76F7004', 92);
INSERT INTO batches (id, product_id, user_id, created_at, updated_at, manufactured_at, expires_at, identifier, quantity) VALUES (187, 17, 1, '2016-03-15', '2016-03-15', '2016-02-26', '2016-05-12', '76F7005', 115);
INSERT INTO batches (id, product_id, user_id, created_at, updated_at, manufactured_at, expires_at, identifier, quantity) VALUES (188, 17, 1, '2016-03-30', '2016-03-30', '2016-03-15', '2016-05-20', '76F7006', 94);
INSERT INTO batches (id, product_id, user_id, created_at, updated_at, manufactured_at, expires_at, identifier, quantity) VALUES (189, 17, 1, '2016-02-29', '2016-02-29', '2016-02-05', '2016-04-19', '76F7007', 87);
INSERT INTO batches (id, product_id, user_id, created_at, updated_at, manufactured_at, expires_at, identifier, quantity) VALUES (190, 17, 1, '2016-03-12', '2016-03-12', '2016-03-12', '2016-04-25', '76F7008', 126);
INSERT INTO batches (id, product_id, user_id, created_at, updated_at, manufactured_at, expires_at, identifier, quantity) VALUES (191, 17, 1, '2016-03-05', '2016-03-05', '2016-02-19', '2016-03-14', '76F7009', 63);
INSERT INTO batches (id, product_id, user_id, created_at, updated_at, manufactured_at, expires_at, identifier, quantity) VALUES (192, 17, 1, '2016-03-28', '2016-03-28', '2016-03-13', '2016-05-21', '76F7010', 79);
INSERT INTO batches (id, product_id, user_id, created_at, updated_at, manufactured_at, expires_at, identifier, quantity) VALUES (193, 17, 1, '2016-03-23', '2016-03-23', '2016-02-24', '2016-04-28', '76F7011', 54);
INSERT INTO batches (id, product_id, user_id, created_at, updated_at, manufactured_at, expires_at, identifier, quantity) VALUES (194, 18, 1, '2016-03-01', '2016-03-01', '2016-02-25', '2016-03-14', '5825001', 95);
INSERT INTO batches (id, product_id, user_id, created_at, updated_at, manufactured_at, expires_at, identifier, quantity) VALUES (195, 18, 1, '2016-03-19', '2016-03-19', '2016-03-05', '2016-04-21', '5825002', 108);
INSERT INTO batches (id, product_id, user_id, created_at, updated_at, manufactured_at, expires_at, identifier, quantity) VALUES (196, 18, 1, '2016-03-26', '2016-03-26', '2016-03-05', '2016-05-09', '5825003', 91);
INSERT INTO batches (id, product_id, user_id, created_at, updated_at, manufactured_at, expires_at, identifier, quantity) VALUES (197, 18, 1, '2016-02-29', '2016-02-29', '2016-02-06', '2016-03-16', '5825004', 76);
INSERT INTO batches (id, product_id, user_id, created_at, updated_at, manufactured_at, expires_at, identifier, quantity) VALUES (198, 18, 1, '2016-03-30', '2016-03-30', '2016-03-28', '2016-05-11', '5825005', 87);
INSERT INTO batches (id, product_id, user_id, created_at, updated_at, manufactured_at, expires_at, identifier, quantity) VALUES (199, 18, 1, '2016-03-07', '2016-03-07', '2016-02-08', '2016-04-24', '5825006', 74);
INSERT INTO batches (id, product_id, user_id, created_at, updated_at, manufactured_at, expires_at, identifier, quantity) VALUES (200, 19, 1, '2016-03-04', '2016-03-04', '2016-02-23', '2016-03-27', 'BD95001', 75);
INSERT INTO batches (id, product_id, user_id, created_at, updated_at, manufactured_at, expires_at, identifier, quantity) VALUES (201, 19, 1, '2016-03-11', '2016-03-11', '2016-03-07', '2016-04-15', 'BD95002', 65);
INSERT INTO batches (id, product_id, user_id, created_at, updated_at, manufactured_at, expires_at, identifier, quantity) VALUES (202, 19, 1, '2016-03-02', '2016-03-02', '2016-02-26', '2016-04-11', 'BD95003', 88);
INSERT INTO batches (id, product_id, user_id, created_at, updated_at, manufactured_at, expires_at, identifier, quantity) VALUES (203, 19, 1, '2016-03-12', '2016-03-12', '2016-02-25', '2016-05-10', 'BD95004', 76);
INSERT INTO batches (id, product_id, user_id, created_at, updated_at, manufactured_at, expires_at, identifier, quantity) VALUES (204, 19, 1, '2016-03-23', '2016-03-23', '2016-03-05', '2016-05-04', 'BD95005', 81);
INSERT INTO batches (id, product_id, user_id, created_at, updated_at, manufactured_at, expires_at, identifier, quantity) VALUES (205, 19, 1, '2016-03-15', '2016-03-15', '2016-02-24', '2016-04-05', 'BD95006', 74);
INSERT INTO batches (id, product_id, user_id, created_at, updated_at, manufactured_at, expires_at, identifier, quantity) VALUES (206, 19, 1, '2016-02-29', '2016-02-29', '2016-02-14', '2016-04-29', 'BD95007', 89);
INSERT INTO batches (id, product_id, user_id, created_at, updated_at, manufactured_at, expires_at, identifier, quantity) VALUES (207, 19, 1, '2016-03-15', '2016-03-15', '2016-03-11', '2016-03-21', 'BD95008', 113);
INSERT INTO batches (id, product_id, user_id, created_at, updated_at, manufactured_at, expires_at, identifier, quantity) VALUES (208, 20, 1, '2016-03-22', '2016-03-22', '2016-03-10', '2016-05-05', '4094001', 75);
INSERT INTO batches (id, product_id, user_id, created_at, updated_at, manufactured_at, expires_at, identifier, quantity) VALUES (209, 20, 1, '2016-03-10', '2016-03-10', '2016-03-05', '2016-04-06', '4094002', 96);
INSERT INTO batches (id, product_id, user_id, created_at, updated_at, manufactured_at, expires_at, identifier, quantity) VALUES (210, 20, 1, '2016-03-11', '2016-03-11', '2016-02-28', '2016-04-05', '4094003', 46);
INSERT INTO batches (id, product_id, user_id, created_at, updated_at, manufactured_at, expires_at, identifier, quantity) VALUES (211, 20, 1, '2016-03-09', '2016-03-09', '2016-02-16', '2016-03-23', '4094004', 78);
INSERT INTO batches (id, product_id, user_id, created_at, updated_at, manufactured_at, expires_at, identifier, quantity) VALUES (212, 20, 1, '2016-03-28', '2016-03-28', '2016-03-20', '2016-05-22', '4094005', 88);
INSERT INTO batches (id, product_id, user_id, created_at, updated_at, manufactured_at, expires_at, identifier, quantity) VALUES (213, 20, 1, '2016-03-30', '2016-03-30', '2016-03-24', '2016-04-26', '4094006', 95);
INSERT INTO batches (id, product_id, user_id, created_at, updated_at, manufactured_at, expires_at, identifier, quantity) VALUES (214, 20, 1, '2016-02-19', '2016-02-19', '2016-01-27', '2016-03-18', '4094007', 66);
INSERT INTO batches (id, product_id, user_id, created_at, updated_at, manufactured_at, expires_at, identifier, quantity) VALUES (215, 21, 1, '2016-03-23', '2016-03-23', '2016-03-06', '2016-05-12', '652A001', 88);
INSERT INTO batches (id, product_id, user_id, created_at, updated_at, manufactured_at, expires_at, identifier, quantity) VALUES (216, 21, 1, '2016-03-20', '2016-03-20', '2016-02-25', '2016-04-30', '652A002', 65);
INSERT INTO batches (id, product_id, user_id, created_at, updated_at, manufactured_at, expires_at, identifier, quantity) VALUES (217, 21, 1, '2016-03-20', '2016-03-20', '2016-03-05', '2016-04-18', '652A003', 104);
INSERT INTO batches (id, product_id, user_id, created_at, updated_at, manufactured_at, expires_at, identifier, quantity) VALUES (218, 21, 1, '2016-02-22', '2016-02-22', '2016-02-19', '2016-04-21', '652A004', 125);
INSERT INTO batches (id, product_id, user_id, created_at, updated_at, manufactured_at, expires_at, identifier, quantity) VALUES (219, 21, 1, '2016-03-14', '2016-03-14', '2016-03-05', '2016-03-30', '652A005', 73);
INSERT INTO batches (id, product_id, user_id, created_at, updated_at, manufactured_at, expires_at, identifier, quantity) VALUES (220, 21, 1, '2016-03-26', '2016-03-26', '2016-03-12', '2016-05-14', '652A006', 104);
INSERT INTO batches (id, product_id, user_id, created_at, updated_at, manufactured_at, expires_at, identifier, quantity) VALUES (221, 22, 1, '2016-03-13', '2016-03-13', '2016-02-18', '2016-04-10', 'B69001', 93);
INSERT INTO batches (id, product_id, user_id, created_at, updated_at, manufactured_at, expires_at, identifier, quantity) VALUES (222, 22, 1, '2016-02-20', '2016-02-20', '2016-02-13', '2016-04-05', 'B69002', 105);
INSERT INTO batches (id, product_id, user_id, created_at, updated_at, manufactured_at, expires_at, identifier, quantity) VALUES (223, 22, 1, '2016-03-15', '2016-03-15', '2016-03-13', '2016-04-06', 'B69003', 99);
INSERT INTO batches (id, product_id, user_id, created_at, updated_at, manufactured_at, expires_at, identifier, quantity) VALUES (224, 22, 1, '2016-03-07', '2016-03-07', '2016-02-15', '2016-04-02', 'B69004', 93);
INSERT INTO batches (id, product_id, user_id, created_at, updated_at, manufactured_at, expires_at, identifier, quantity) VALUES (225, 22, 1, '2016-02-25', '2016-02-25', '2016-02-23', '2016-02-27', 'B69005', 93);
INSERT INTO batches (id, product_id, user_id, created_at, updated_at, manufactured_at, expires_at, identifier, quantity) VALUES (226, 22, 1, '2016-03-13', '2016-03-13', '2016-03-09', '2016-05-06', 'B69006', 56);
INSERT INTO batches (id, product_id, user_id, created_at, updated_at, manufactured_at, expires_at, identifier, quantity) VALUES (227, 22, 1, '2016-03-10', '2016-03-10', '2016-02-21', '2016-04-25', 'B69007', 102);
INSERT INTO batches (id, product_id, user_id, created_at, updated_at, manufactured_at, expires_at, identifier, quantity) VALUES (228, 22, 1, '2016-03-08', '2016-03-08', '2016-02-08', '2016-04-15', 'B69008', 89);
INSERT INTO batches (id, product_id, user_id, created_at, updated_at, manufactured_at, expires_at, identifier, quantity) VALUES (229, 22, 1, '2016-02-22', '2016-02-22', '2016-02-08', '2016-03-11', 'B69009', 90);
INSERT INTO batches (id, product_id, user_id, created_at, updated_at, manufactured_at, expires_at, identifier, quantity) VALUES (230, 22, 1, '2016-03-02', '2016-03-02', '2016-02-11', '2016-04-09', 'B69010', 115);
INSERT INTO batches (id, product_id, user_id, created_at, updated_at, manufactured_at, expires_at, identifier, quantity) VALUES (231, 22, 1, '2016-03-10', '2016-03-10', '2016-02-18', '2016-03-28', 'B69011', 63);
INSERT INTO batches (id, product_id, user_id, created_at, updated_at, manufactured_at, expires_at, identifier, quantity) VALUES (232, 22, 1, '2016-03-16', '2016-03-16', '2016-03-01', '2016-05-02', 'B69012', 91);
INSERT INTO batches (id, product_id, user_id, created_at, updated_at, manufactured_at, expires_at, identifier, quantity) VALUES (233, 22, 1, '2016-03-15', '2016-03-15', '2016-02-21', '2016-03-29', 'B69013', 70);
INSERT INTO batches (id, product_id, user_id, created_at, updated_at, manufactured_at, expires_at, identifier, quantity) VALUES (234, 22, 1, '2016-03-16', '2016-03-16', '2016-02-20', '2016-05-14', 'B69014', 69);
INSERT INTO batches (id, product_id, user_id, created_at, updated_at, manufactured_at, expires_at, identifier, quantity) VALUES (235, 22, 1, '2016-03-10', '2016-03-10', '2016-02-15', '2016-03-29', 'B69015', 89);
INSERT INTO batches (id, product_id, user_id, created_at, updated_at, manufactured_at, expires_at, identifier, quantity) VALUES (236, 22, 1, '2016-03-10', '2016-03-10', '2016-02-24', '2016-04-07', 'B69016', 92);
